comparison,chrom,n_total,n_shared,n_private_1,n_private_2
gamb_colu_vs_arab,2L,24749662,3355685,17613665,803949
gamb_colu_vs_arab,2R,29208415,3998685,20666329,1167505
gamb_colu_vs_arab,3L,19564154,2795117,13672688,657460
gamb_colu_vs_arab,3R,26151803,3829389,17959082,874629
gamb_colu_vs_arab,X,11506750,758691,6670271,239194
gamb_vs_colu,2L,22897777,10304816,3705967,8886994
gamb_vs_colu,2R,26691110,10400549,4513724,11776837
gamb_vs_colu,3L,17959530,8185028,2452151,7322351
gamb_vs_colu,3R,24079236,11206465,3353539,9519232
gamb_vs_colu,X,10916433,4195230,1155730,5565473
